{
  "version": 1,
  "author": "Anonymous maker",
  "editor": "wokwi",
  "parts": [
    { "type": "wokwi-pi-pico", "id": "pico", "top": 0, "left": 0, "attrs": {} },
    { "type": "wokwi-servo", "id": "servo1", "top": 139.87, "left": 149.47, "attrs": {} },
    {
      "type": "wokwi-led",
      "id": "led1",
      "top": -21.2,
      "left": -150.07,
      "attrs": { "color": "green" }
    },
    {
      "type": "wokwi-led",
      "id": "led2",
      "top": 34.02,
      "left": -152.26,
      "attrs": { "color": "blue" }
    },
    {
      "type": "wokwi-led",
      "id": "led3",
      "top": 86.39,
      "left": -152.36,
      "attrs": { "color": "red" }
    },
    {
      "type": "wokwi-pushbutton",
      "id": "btn1",
      "top": 227.74,
      "left": 4.35,
      "attrs": { "color": "green" }
    },
    {
      "type": "wokwi-resistor",
      "id": "r1",
      "top": 17.44,
      "left": -109.07,
      "attrs": { "value": "1000" }
    },
    {
      "type": "wokwi-slide-potentiometer",
      "id": "pot1",
      "top": 24.33,
      "left": 124.2,
      "attrs": { "travelLength": "30" }
    },
    {
      "type": "wokwi-resistor",
      "id": "r2",
      "top": 70.16,
      "left": -112.03,
      "attrs": { "value": "1000" }
    },
    {
      "type": "wokwi-resistor",
      "id": "r3",
      "top": 123.75,
      "left": -112.03,
      "attrs": { "value": "1000" }
    },
    {
      "type": "wokwi-resistor",
      "id": "r4",
      "top": 235.03,
      "left": 80.35,
      "attrs": { "value": "1000" }
    }
  ],
  "connections": [
    [ "pico:GP0", "$serialMonitor:RX", "", [] ],
    [ "pico:GP1", "$serialMonitor:TX", "", [] ],
    [ "pot1:VCC", "pico:3V3", "red", [ "h-6.73", "v-15.59" ] ],
    [ "pot1:SIG", "pico:GP26", "violet", [ "h-14.25", "v13.43" ] ],
    [ "pot1:GND", "pico:GND.8", "black", [ "v0" ] ],
    [ "servo1:GND", "pico:GND.5", "black", [ "h-19.21", "v-12.77" ] ],
    [ "pico:3V3", "servo1:V+", "red", [ "h27.8", "v59.45" ] ],
    [ "servo1:PWM", "pico:GP18", "orange", [ "h-55.26", "v-5.88" ] ],
    [ "pico:GP15", "btn1:1.l", "orange", [ "h-13.6", "v44.6" ] ],
    [ "pico:GND.4", "btn1:2.l", "black", [ "h-23.55", "v15.49" ] ],
    [ "led2:A", "r2:1", "green", [ "v0" ] ],
    [ "led1:A", "r1:1", "green", [ "v0" ] ],
    [ "r3:1", "led3:A", "green", [ "v0" ] ],
    [ "r1:2", "pico:GP5", "orange", [ "v-0.22", "h34.25", "v55.69" ] ],
    [ "r2:2", "pico:GP6", "orange", [ "v0" ] ],
    [ "r3:2", "pico:GP7", "orange", [ "v0" ] ],
    [ "pico:GND.4", "led3:C", "black", [ "h0" ] ],
    [ "pico:GND.4", "led2:C", "black", [ "h-173.17", "v-99.07" ] ],
    [ "pico:GND.4", "led1:C", "black", [ "h-172.75", "v-159.36" ] ],
    [ "r4:1", "btn1:1.r", "red", [ "v0" ] ],
    [ "r4:2", "servo1:V+", "red", [ "v0" ] ]
  ],
  "dependencies": {}
}